{"cameraMode":{"drawMode":0,"name":"Shaded","section":"Shading Mode"},"sceneLighting":false,"audioPlay":false,"sceneViewState":{"showFog":true,"showMaterialUpdate":false,"showSkybox":true,"showFlares":true,"showImageEffects":true,"showParticleSystems":true},"in2DMode":false,"pivot":{"x":0.10994815826416016,"y":6.707335472106934,"z":0.27175331115722659},"rotation":{"x":-0.09840656816959381,"y":-0.2662028670310974,"z":0.027331028133630754,"w":-0.9584911465644836},"size":21.010000228881837,"orthographic":false}