{"cameraMode":{"drawMode":0,"name":"Shaded","section":"Shading Mode"},"sceneLighting":false,"audioPlay":false,"sceneViewState":{"showFog":true,"showMaterialUpdate":false,"showSkybox":true,"showFlares":true,"showImageEffects":true,"showParticleSystems":true},"in2DMode":false,"pivot":{"x":2.216564416885376,"y":3.4910690784454347,"z":-4.594054698944092},"rotation":{"x":0.025518283247947694,"y":0.4245002865791321,"z":0.01197049580514431,"w":-0.9049889445304871},"size":4.657884120941162,"orthographic":false}