{"cameraMode":{"drawMode":0,"name":"Shaded","section":"Shading Mode"},"sceneLighting":false,"audioPlay":false,"sceneViewState":{"showFog":true,"showMaterialUpdate":false,"showSkybox":true,"showFlares":true,"showImageEffects":true,"showParticleSystems":true},"in2DMode":false,"pivot":{"x":-0.6201653480529785,"y":-0.6741478443145752,"z":-0.6117091178894043},"rotation":{"x":-0.05258169025182724,"y":0.8570536375045776,"z":-0.08929165452718735,"w":-0.504699170589447},"size":6.9049482345581059,"orthographic":false}